Accuracy,Precision,Recall,F1-score,Model,CV F1 mean,CV F1 std,Training time,Prediction time,ROC AUC,Average Precision,Rank
0.8332594038325053,0.968892104175279,0.7305384555442999,0.8330001332800213,Decision Tree,0.9963375827214983,0.0001215932174226776,21.700561046600342,0.03098750114440918,0.849771338780285,0.8612018696912311,1
0.785929737402413,0.9687390235335441,0.6447440193251773,0.7742116590249837,Extra Trees,0.9968858594810553,0.0004366052332799708,12.842654705047607,0.14413237571716309,0.9550276143486044,0.957142218383692,2
0.779542228530873,0.9607406539317942,0.6388217875788982,0.7673874379855846,MLP Neural Network,0.9936937629668036,0.0005120161753857166,34.71729111671448,0.05000805854797363,0.9108322911155217,0.9257910958707583,3
0.7666341376863024,0.967869500741473,0.6103015662744486,0.7485782556750299,KNN,0.9945848953147971,0.0006165367290224095,14.318578481674194,5.763818740844727,0.8164137166544364,0.8346712637953904,4
0.7651259758694109,0.9678500496524329,0.6075742227070833,0.7465173057590119,Random Forest,0.9972278048206865,0.000217291936747887,13.19436264038086,0.12522578239440918,0.955985195720573,0.9596029663683531,5
0.7534599006387509,0.9169054441260746,0.6233928153978026,0.7421838760552927,Logistic Regression,0.9718463796260021,0.00229163122467045,18.555850744247437,0.01935291290283203,0.7776295085373994,0.8583367531331312,6
